City,Lat,Lng,Max Temp,Humidity,Cloudiness,Wind Speed,Country,Date
Kitgum,3.28,32.89,18.34,91,35,1.63,UG,1596317805
Bredasdorp,-34.53,20.04,9.0,93,0,2.1,ZA,1596317806
Rikitea,-23.12,-134.97,23.29,77,11,3.64,PF,1596317668
Iracoubo,5.48,-53.2,26.68,84,90,3.18,GF,1596317669
Vao,-22.67,167.48,19.04,69,32,7.6,NC,1596317669
Rio Grande,-32.03,-52.1,18.0,72,0,4.1,BR,1596317669
Tual,-5.67,132.75,25.21,80,97,9.02,ID,1596317669
Nikolskoye,59.7,30.79,12.78,81,40,1.0,RU,1596317587
Ushuaia,-54.8,-68.3,6.0,75,40,2.1,AR,1596317571
Pokrovskoye,47.42,38.9,18.33,68,26,1.79,RU,1596317807
Lebu,-37.62,-73.65,11.18,93,28,3.51,CL,1596317671
Hong Kong,22.29,114.16,26.67,88,100,4.92,HK,1596317795
New Norfolk,-42.78,147.06,9.44,56,9,0.45,AU,1596317671
Bambous Virieux,-20.34,57.76,22.0,83,75,7.7,MU,1596317588
Zemio,5.03,25.14,21.16,93,100,0.29,CF,1596317671
Mahébourg,-20.41,57.7,22.0,83,75,7.7,MU,1596317672
Castro,-24.79,-50.01,12.97,78,0,1.02,BR,1596317476
Sola,-13.88,167.55,25.47,85,38,1.5,VU,1596317672
Saint George,37.1,-113.58,42.78,8,1,5.7,US,1596317672
Carnarvon,-24.87,113.63,15.0,87,0,5.1,AU,1596317664
Ust-Kuyga,70.02,135.6,9.75,71,32,2.35,RU,1596317673
Haileybury,47.45,-79.64,27.0,51,75,1.0,CA,1596317673
Pozo Colorado,-23.49,-58.8,26.33,41,3,2.56,PY,1596317673
Avarua,-21.21,-159.78,23.0,60,42,2.6,CK,1596317382
Shingū,33.73,135.98,25.01,72,30,1.28,JP,1596317673
Grindavik,63.84,-22.43,10.0,100,90,3.6,IS,1596317674
Severo-Kuril'sk,50.68,156.12,13.08,79,100,4.85,RU,1596317557
Lorengau,-2.02,147.27,26.61,81,100,3.86,PG,1596317674
Saint-Philippe,-21.36,55.77,21.0,77,90,5.1,RE,1596317532
Arraial do Cabo,-22.97,-42.03,22.0,68,14,3.6,BR,1596317674
Leningradskiy,69.38,178.42,6.17,69,100,1.92,RU,1596317675
Kavaratti,10.57,72.64,27.83,78,100,10.07,IN,1596317537
Vila Velha,-20.33,-40.29,19.0,93,75,2.6,BR,1596317675
Puerto Ayora,-0.74,-90.35,27.0,61,20,4.1,EC,1596317676
Bengkulu,-3.8,102.27,23.32,88,100,1.97,ID,1596317677
Ust-Nera,64.57,143.2,18.32,35,29,1.24,RU,1596317677
Hilo,19.73,-155.09,27.0,65,75,3.1,US,1596317677
Kandrian,-6.22,149.55,26.02,78,78,5.73,PG,1596317678
Clyde River,70.47,-68.59,7.0,93,75,3.1,CA,1596317678
Hermanus,-34.42,19.23,12.78,86,0,1.79,ZA,1596317678
Souillac,-20.52,57.52,22.0,83,75,7.7,MU,1596317678
Baker City,44.77,-117.83,31.0,20,1,5.1,US,1596317678
Wahlern,46.83,7.35,25.0,94,20,1.5,CH,1596317679
Longyearbyen,78.22,15.64,12.0,76,27,1.5,SJ,1596317653
Punta Arenas,-53.15,-70.92,3.0,86,90,1.5,CL,1596317679
Alice Springs,-23.7,133.88,1.0,40,0,1.5,AU,1596317679
Tete,-16.16,33.59,21.0,52,20,4.1,MZ,1596317679
Rawson,-43.3,-65.1,13.62,49,71,8.55,AR,1596317624
Initao,8.5,124.3,23.33,93,98,1.79,PH,1596317680
Monterrey,25.67,-100.32,29.0,48,40,6.2,MX,1596317400
Petropavlovsk-Kamchatskiy,53.05,158.65,15.0,72,85,4.0,RU,1596317445
Omboué,-1.57,9.26,23.12,78,75,3.45,GA,1596317680
Ryōtsu-minato,38.08,138.43,22.0,100,50,1.0,JP,1596317681
Cap Malheureux,-19.98,57.61,21.11,82,22,4.02,MU,1596317681
Olafsvik,64.89,-23.71,10.05,91,100,4.48,IS,1596317681
Port Alfred,-33.59,26.89,15.15,76,0,4.98,ZA,1596317681
Ribeira Grande,38.52,-28.7,23.0,73,40,2.6,PT,1596317542
Poum,-20.23,164.02,20.22,72,1,11.17,NC,1596317682
Ulladulla,-35.35,150.47,9.0,76,17,6.2,AU,1596317556
Cascais,38.7,-9.42,20.0,72,20,9.3,PT,1596317647
Cabo San Lucas,22.89,-109.91,33.33,52,5,6.2,MX,1596317542
Busselton,-33.65,115.33,10.0,84,95,0.67,AU,1596317683
Guerrero Negro,27.98,-114.06,31.15,44,0,6.67,MX,1596317683
Cape Town,-33.93,18.42,11.67,87,0,1.5,ZA,1596317443
Yangi Marg`ilon,40.43,71.72,26.0,31,67,5.1,UZ,1596317616
Portland,45.52,-122.68,27.78,53,40,2.1,US,1596317527
Sinazongwe,-17.26,27.46,16.06,34,0,1.25,ZM,1596317684
Saskylakh,71.92,114.08,17.58,52,100,2.9,RU,1596317684
Mataura,-46.19,168.86,10.88,78,100,0.44,NZ,1596317684
Sitka,57.05,-135.33,16.0,82,90,2.6,US,1596317458
Kapaa,22.08,-159.32,28.0,69,40,6.7,US,1596317685
Port Lincoln,-34.73,135.87,12.77,79,92,2.39,AU,1596317685
Hobart,-42.88,147.33,9.44,70,20,2.6,AU,1596317407
Labuhan,-6.88,112.21,24.37,79,62,4.0,ID,1596317685
Atar,20.52,-13.05,38.7,21,6,3.37,MR,1596317686
Altamira,-3.2,-52.21,33.0,41,20,1.5,BR,1596317686
Riverton,40.52,-111.94,38.89,15,1,2.1,US,1596317686
Nyzhni Sirohozy,46.85,34.38,19.23,59,65,3.36,UA,1596317686
Hithadhoo,-0.6,73.08,28.05,75,20,4.97,MV,1596317541
Jamestown,42.1,-79.24,23.33,77,100,1.79,US,1596317536
Esperance,-33.87,121.9,7.0,93,100,5.1,AU,1596317687
Nanortalik,60.14,-45.24,8.13,93,100,6.16,GL,1596317687
Airai,-8.93,125.41,11.1,65,0,1.71,TL,1596317688
Aksarka,66.56,67.8,12.82,96,100,1.33,RU,1596317688
Warrington,53.39,-2.58,15.56,77,64,2.6,GB,1596317411
Fairbanks,64.84,-147.72,25.0,50,1,0.78,US,1596317567
Tuktoyaktuk,69.45,-133.04,12.0,100,90,8.2,CA,1596317688
Haverfordwest,51.8,-4.97,18.33,59,44,0.89,GB,1596317689
Flinders,-34.58,150.86,10.0,85,65,0.45,AU,1596317689
Mingora,34.78,72.36,23.34,65,1,2.22,PK,1596317689
Tornio,65.85,24.15,10.0,100,20,1.0,FI,1596317690
Brunswick,41.24,-81.84,25.0,94,90,4.1,US,1596317536
Bluff,-46.6,168.33,11.09,90,83,5.2,NZ,1596317690
Sambava,-14.27,50.17,21.62,82,77,7.52,MG,1596317691
Coquimbo,-29.95,-71.34,14.0,82,20,4.6,CL,1596317545
Hasaki,35.73,140.83,22.78,100,75,4.1,JP,1596317691
Thompson,55.74,-97.86,22.0,40,20,5.1,CA,1596317691
Beloha,-25.17,45.05,15.34,80,0,4.76,MG,1596317692
Sangar,63.92,127.47,16.64,56,0,1.14,RU,1596317580
Atuona,-9.8,-139.03,26.06,78,99,8.12,PF,1596317692
Provideniya,64.38,-173.3,8.48,66,28,3.67,RU,1596317545
Acapulco de Juárez,16.86,-99.89,31.0,70,5,3.6,MX,1596317693
Butaritari,3.07,172.79,28.48,80,2,7.56,KI,1596317693
Grand Gaube,-20.01,57.66,21.11,82,26,4.02,MU,1596317694
Berlevåg,70.86,29.09,9.14,87,100,3.26,NO,1596317694
Katsuura,35.13,140.3,23.89,89,19,1.34,JP,1596317694
Yerbogachën,61.28,108.01,14.31,76,2,3.27,RU,1596317695
Sydney Mines,46.24,-60.22,21.67,83,75,4.1,CA,1596317695
Linhares,-19.39,-40.07,19.26,85,6,1.62,BR,1596317464
Zholymbet,51.74,71.71,19.93,54,0,2.32,KZ,1596317695
Iznoski,54.99,35.31,11.51,99,45,3.05,RU,1596317696
Ballina,-28.87,153.57,10.56,100,16,2.6,AU,1596317696
Palu,-0.89,119.87,24.35,81,98,0.92,ID,1596317696
Faanui,-16.48,-151.75,26.02,80,35,5.51,PF,1596317696
Dikson,73.51,80.55,8.51,100,87,8.11,RU,1596317534
Den Helder,52.96,4.76,16.11,93,26,3.1,NL,1596317697
Tautira,-17.73,-149.15,29.0,66,20,7.7,PF,1596317697
Ipirá,-12.16,-39.74,20.14,79,0,4.8,BR,1596317537
Benguela,-12.58,13.41,20.08,85,54,1.58,AO,1596317698
Assiniboia,49.63,-105.98,26.01,29,0,3.0,CA,1596317698
Buraidah,26.33,43.98,39.0,21,23,5.1,SA,1596317595
Salalah,17.02,54.09,27.0,94,20,2.6,OM,1596317698
Cidreira,-30.18,-50.21,15.16,74,0,3.32,BR,1596317699
Upernavik,72.79,-56.15,5.91,66,22,5.95,GL,1596317535
Caravelas,-17.71,-39.25,21.03,79,24,2.95,BR,1596317699
Pevek,69.7,170.31,2.4,95,100,2.48,RU,1596317541
Half Moon Bay,37.46,-122.43,26.11,82,75,6.2,US,1596317700
East London,-33.02,27.91,15.95,70,0,4.1,ZA,1596317552
Dushanbe,38.56,68.78,20.0,64,1,2.0,TJ,1596317700
Barrow,71.29,-156.79,2.0,80,90,2.6,US,1596317700
Villa Rica,33.73,-84.92,31.0,45,40,3.1,US,1596317410
Tarare,45.9,4.43,21.11,77,93,1.23,FR,1596317701
Kahului,20.89,-156.47,31.0,45,20,10.3,US,1596317701
Narsaq,60.92,-46.05,12.0,62,75,4.1,GL,1596317561
Karratha,-20.74,116.85,19.25,32,0,2.27,AU,1596317702
Dovbysh,50.37,27.99,11.45,95,0,3.14,UA,1596317702
Revda,56.8,59.93,16.0,100,100,1.55,RU,1596317702
Havøysund,71.0,24.66,8.0,93,56,3.6,NO,1596317702
Paracuru,-3.41,-39.03,26.11,73,41,2.24,BR,1596317703
Westport,41.14,-73.36,31.67,45,1,4.1,US,1596317586
Lodja,-3.48,23.43,25.83,45,64,1.29,CD,1596317703
Dongsheng,39.82,109.98,20.25,38,0,2.38,CN,1596317703
Mandalgovi,45.76,106.27,12.98,75,100,10.88,MN,1596317704
Oudtshoorn,-33.59,22.2,10.0,100,0,1.0,ZA,1596317704
Ciudad Bolivar,8.12,-63.55,29.26,72,100,3.0,VE,1596317704
Miles City,46.41,-105.84,31.0,27,1,4.6,US,1596317704
The Valley,18.22,-63.06,30.0,70,20,3.6,AI,1596317705
Kununurra,-15.77,128.73,11.0,37,0,2.63,AU,1596317705
Chunskiy,56.08,99.63,15.4,96,100,2.65,RU,1596317705
La Ronge,55.1,-105.28,24.0,53,20,2.1,CA,1596317705
Borazjan,29.27,51.22,33.0,66,0,1.5,IR,1596317706
Praia,14.92,-23.51,27.0,78,20,4.1,CV,1596317583
Nago,26.59,127.98,28.0,83,1,4.6,JP,1596317706
Namatanai,-3.67,152.43,26.95,82,99,3.77,PG,1596317706
Novy Urengoy,66.08,76.63,15.13,83,100,7.02,RU,1596317556
Altay,47.87,88.12,13.27,53,0,1.04,CN,1596317707
Vaini,-21.2,-175.2,23.0,73,75,5.1,TO,1596317707
Tilichiki,60.47,166.1,13.25,69,18,2.54,RU,1596317708
Santa Marinella,42.03,11.85,27.22,38,0,4.02,IT,1596317708
Tongren,27.72,109.19,24.04,87,1,0.36,CN,1596317708
Mar del Plata,-38.0,-57.56,10.0,93,100,6.2,AR,1596317615
Ahipara,-35.17,173.17,13.53,89,100,5.93,NZ,1596317708
Koulikoro,14.0,-7.75,26.74,78,6,5.71,ML,1596317709
Lagos,6.58,3.75,25.0,88,20,2.1,NG,1596317295
Syracuse,37.09,15.28,28.0,74,0,1.5,IT,1596317709
Kruisfontein,-34.0,24.73,10.39,91,0,2.69,ZA,1596317709
Donskoye,45.46,41.97,17.78,93,48,2.0,RU,1596317709
Kuusamo,65.97,29.18,9.0,100,62,1.5,FI,1596317710
Lompoc,34.64,-120.46,22.0,60,0,7.2,US,1596317710
Eyl,7.98,49.82,25.95,67,18,11.36,SO,1596317710
Mugur-Aksy,50.35,90.5,5.89,82,62,0.86,RU,1596317710
Røros,62.57,11.38,13.0,87,0,1.5,NO,1596317711
Mossamedes,-15.2,12.15,19.53,78,0,2.01,AO,1596317711
Charters Towers,-20.1,146.27,14.29,77,0,5.57,AU,1596317711
Port Elizabeth,-33.92,25.57,13.0,100,0,2.6,ZA,1596317561
Basco,20.45,121.97,28.75,76,100,3.81,PH,1596317712
Coyhaique,-45.58,-72.07,6.0,87,90,1.0,CL,1596317712
Līsakovsk,52.54,62.49,22.62,38,10,3.98,KZ,1596317712
Chapais,49.78,-74.85,27.0,44,1,3.1,CA,1596317595
Marystown,47.17,-55.15,18.38,90,68,3.68,CA,1596317713
Knysna,-34.04,23.05,10.0,100,2,1.0,ZA,1596317713
Fortuna,40.6,-124.16,23.89,66,26,1.34,US,1596317577
Cherskiy,68.75,161.3,6.79,74,98,4.04,RU,1596317713
Chokurdakh,70.63,147.92,13.75,60,85,1.38,RU,1596317713
Shimoda,34.67,138.95,20.56,93,23,3.23,JP,1596317608
Nantucket,41.28,-70.1,24.44,73,1,4.1,US,1596317714
Nome,64.5,-165.41,15.0,76,75,3.1,US,1596317714
Qaanaaq,77.48,-69.36,4.48,70,20,2.97,GL,1596317714
Cukai,4.25,103.42,26.0,88,100,1.5,MY,1596317715
Pampas,-12.4,-74.9,14.7,36,0,3.41,PE,1596317715
Pimenta Bueno,-11.67,-61.19,29.01,29,0,1.14,BR,1596317615
Takoradze,4.88,-1.76,23.36,85,0,4.01,GH,1596317715
Aklavik,68.22,-135.01,18.0,72,75,5.7,CA,1596317715
Khandagayty,50.73,92.05,9.09,72,28,1.55,RU,1596317716
Albany,42.6,-73.97,32.22,39,71,0.75,US,1596317716
Wilmington,34.23,-77.94,29.0,83,1,2.6,US,1596317433
Dali,25.7,100.18,17.66,81,98,0.8,CN,1596317716
Piteå,65.32,21.48,15.0,93,24,0.5,SE,1596317716
North Bend,43.41,-124.22,27.78,68,1,6.7,US,1596317717
Chernyshevskiy,63.01,112.47,13.88,72,0,1.98,RU,1596317717
Punta Cardon,11.66,-70.22,30.12,70,69,7.28,VE,1596317717
San Policarpo,12.18,125.51,25.49,83,100,1.54,PH,1596317718
Kirakira,-10.45,161.92,28.1,73,17,0.12,SB,1596317718
Yumen,40.28,97.2,17.95,23,5,3.78,CN,1596317718
Laguna,38.42,-121.42,33.89,31,1,2.6,US,1596317479
Necochea,-38.55,-58.74,11.67,73,100,6.71,AR,1596317718
Jurm,36.86,70.83,17.68,49,0,0.7,AF,1596317719
Vanimo,-2.67,141.3,24.66,91,100,3.61,PG,1596317719
Dabeiba,7.0,-76.27,27.01,76,84,1.03,CO,1596317719
Egvekinot,66.32,-179.17,8.9,70,86,1.47,RU,1596317605
Beringovskiy,63.05,179.32,10.71,79,100,3.24,RU,1596317720
Balkanabat,39.51,54.37,28.39,21,0,2.82,TM,1596317720
Qaqortoq,60.72,-46.03,12.0,62,75,4.1,GL,1596317720
Fayaoué,-20.65,166.53,20.23,72,0,8.87,NC,1596317721
Bathsheba,13.22,-59.52,30.0,70,20,3.1,BB,1596317721
Magnolia,33.27,-93.24,32.22,54,33,2.68,US,1596317721
Caxito,-8.58,13.66,21.0,88,20,2.1,AO,1596317721
Novogagatli,43.46,46.48,21.0,77,75,6.0,RU,1596317721
Chitipa,-9.7,33.27,12.42,90,36,3.65,MW,1596317722
Norman Wells,65.28,-126.83,28.0,48,5,4.6,CA,1596317722
Villacarrillo,38.12,-3.08,30.0,26,0,1.19,ES,1596317722
Tall Kayf,37.08,41.07,28.0,21,0,3.1,TR,1596317722
Vaitape,-16.52,-151.75,26.48,78,35,5.41,PF,1596317723
Saldanha,-33.01,17.94,14.0,71,0,1.0,ZA,1596317723
Tifton,31.45,-83.51,35.0,52,1,3.1,US,1596317723
Pointe Michel,15.25,-61.38,30.0,79,40,4.1,DM,1596317723
Pangnirtung,66.15,-65.71,8.38,80,100,1.17,CA,1596317724
Harper,4.38,-7.72,24.03,81,100,4.37,LR,1596317425
West Fargo,46.88,-96.9,26.0,50,20,7.7,US,1596317724
Ponta do Sol,32.67,-17.1,20.56,51,0,2.11,PT,1596317724
Kerman,30.28,57.08,25.0,33,40,1.45,IR,1596317725
Jatai,-17.88,-51.71,21.89,43,2,2.87,BR,1596317725
Havre-St-Pierre,50.23,-63.6,20.0,77,1,5.1,CA,1596317725
Bandarbeyla,9.49,50.81,25.35,73,79,11.36,SO,1596317726
Valparaíso,-33.04,-71.63,15.0,71,59,2.6,CL,1596317726
Bahía Blanca,-38.72,-62.27,13.34,66,100,3.68,AR,1596317587
Isangel,-19.55,169.27,21.93,79,54,7.97,VU,1596317726
George Town,5.41,100.34,25.0,94,40,2.6,MY,1596317720
Paraná,-31.73,-60.52,25.0,56,58,1.79,AR,1596317581
Champerico,14.3,-91.92,33.0,63,40,3.1,GT,1596317601
Khatanga,71.97,102.5,17.04,82,100,3.01,RU,1596317535
Tasiilaq,65.61,-37.64,11.0,40,20,1.5,GL,1596317729
Morón,-34.65,-58.62,17.78,81,74,0.89,AR,1596317729
Alofi,-19.06,-169.92,23.0,64,99,6.2,NU,1596317730
Dunedin,-45.87,170.5,12.78,61,92,1.79,NZ,1596317476
Kumul,42.8,93.45,23.42,19,20,1.48,CN,1596317730
Iskateley,67.68,53.15,11.22,93,87,3.29,RU,1596317730
Savalou,7.93,1.98,22.97,87,0,2.71,BJ,1596317730
Hammerfest,70.66,23.68,8.0,93,54,3.6,NO,1596317731
Ereymentau,51.62,73.1,19.52,54,0,2.67,KZ,1596317731
Birobidzhan,48.8,132.95,21.81,94,52,0.99,RU,1596317731
Cururupu,-1.83,-44.87,24.2,81,56,1.65,BR,1596317731
Sherlovaya Gora,50.57,116.25,14.51,100,38,3.38,RU,1596317732
Nouakchott,18.09,-15.98,29.0,74,0,9.3,MR,1596317732
Baykit,61.67,96.37,15.42,85,76,0.93,RU,1596317732
Yachimata,35.65,140.32,22.78,100,75,4.1,JP,1596317732
Paita,-5.09,-81.11,19.98,71,1,6.55,PE,1596317732
Flin Flon,54.77,-101.86,23.0,38,20,2.1,CA,1596317733
Sisimiut,66.94,-53.67,7.43,94,100,1.24,GL,1596317733
Andenes,69.31,16.12,12.0,93,0,7.2,NO,1596317733
Puerto Escondido,15.85,-97.07,33.0,66,5,4.1,MX,1596317558
Lagoa,39.05,-27.98,21.9,71,0,4.0,PT,1596317568
Bargteheide,53.73,10.27,21.11,79,100,0.45,DE,1596317734
Talnakh,69.49,88.4,13.0,82,70,4.0,RU,1596317734
Sabang,5.89,95.32,28.29,74,100,8.34,ID,1596317734
Klaksvík,62.23,-6.59,11.0,93,12,4.6,FO,1596317735
Mackenzie,55.3,-123.17,26.0,54,40,4.1,CA,1596317438
Adré,13.47,22.2,22.55,84,100,2.7,TD,1596317735
Tiksi,71.69,128.87,7.44,77,0,1.16,RU,1596317735
Daphne,30.6,-87.9,32.0,74,40,2.6,US,1596317730
Paiján,-7.73,-79.3,19.13,70,18,4.66,PE,1596317736
Ati,13.22,18.34,31.1,51,100,5.03,TD,1596317736
Alexandria,31.22,29.96,27.0,78,0,2.6,EG,1596317679
Otane,-39.88,176.63,9.44,90,91,1.34,NZ,1596317737
Torbay,47.67,-52.73,16.11,100,90,1.0,CA,1596317715
Bethel,41.37,-73.41,31.67,48,1,4.1,US,1596317533
Qasigiannguit,68.82,-51.19,6.84,83,96,1.91,GL,1596317568
Meulaboh,4.14,96.13,23.66,83,80,1.78,ID,1596317596
Avera,33.19,-82.53,36.0,28,1,5.7,US,1596317738
Padang,-0.95,100.35,25.33,81,91,2.08,ID,1596317738
Hamilton,39.18,-84.53,26.67,88,90,3.1,US,1596317433
Shache,38.42,77.24,26.93,16,100,5.06,CN,1596317609
Gijang,35.24,129.21,26.0,83,75,2.6,KR,1596317738
Ilulissat,69.22,-51.1,6.5,84,87,2.07,GL,1596317601
Talara,-4.58,-81.27,19.11,77,2,8.13,PE,1596317739
San Bartolomé de Tirajana,27.92,-15.57,24.0,73,20,8.7,ES,1596317739
Vilcún,-38.65,-72.23,12.0,87,75,2.6,CL,1596317595
Gombong,-7.61,109.51,22.29,87,65,1.52,ID,1596317740
Minsk,53.9,27.57,15.0,72,0,4.0,BY,1596317590
Pacific Grove,36.62,-121.92,23.89,60,1,4.1,US,1596317579
Santoña,43.44,-3.46,20.56,93,90,2.6,ES,1596317740
Kamenka,51.32,42.77,12.69,89,0,3.63,RU,1596317740
Kolosovka,56.47,73.61,17.81,87,35,0.58,RU,1596317741
Kushchëvskaya,46.56,39.64,18.65,63,4,2.36,RU,1596317741
Nagato,34.38,131.2,26.0,94,75,1.0,JP,1596317741
Mergen,49.18,125.22,21.22,89,100,2.17,CN,1596317741
Tlachichuca,19.1,-97.42,17.63,67,47,3.21,MX,1596317742
Iranshahr,27.2,60.68,37.0,32,73,4.1,IR,1596317742
Iquique,-20.22,-70.14,16.0,72,90,3.6,CL,1596317742
Linköping,58.41,15.62,19.0,63,85,3.1,SE,1596317742
Malé,4.17,73.51,28.0,83,75,5.1,MV,1596317471
Narasannapeta,18.42,84.05,28.03,84,78,2.48,IN,1596317743
Griffith,41.53,-87.42,24.0,69,90,2.69,US,1596317562
Yellowknife,62.46,-114.35,27.22,57,75,5.1,CA,1596317743
Rome,43.21,-75.46,29.0,42,1,1.23,US,1596317743
Igarka,67.47,86.58,13.69,64,92,4.52,RU,1596317744
Haines Junction,60.75,-137.51,18.21,67,100,4.1,CA,1596317744
Tabuk,17.42,121.44,23.63,87,99,0.77,PH,1596317744
Itarema,-2.92,-39.92,26.08,73,13,7.2,BR,1596317744
Darnah,32.77,22.64,26.94,66,0,8.94,LY,1596317745
Kyra,49.58,111.98,11.81,87,57,2.46,RU,1596317745
Saint-Joseph,-21.37,55.62,20.0,77,90,5.1,RE,1596317745
Key West,24.56,-81.78,33.0,62,40,5.7,US,1596317712
Ust'-Uda,54.17,103.03,15.13,94,100,3.73,RU,1596317746
Pontes e Lacerda,-15.23,-59.34,28.82,26,0,2.68,BR,1596317746
Kinel’-Cherkassy,53.47,51.47,17.46,91,91,3.69,RU,1596317746
Iqaluit,63.75,-68.51,17.0,59,75,6.7,CA,1596317746
Long Xuyen,10.38,105.42,25.65,88,100,5.39,VN,1596317746
Kaitangata,-46.28,169.85,10.56,71,90,1.34,NZ,1596317747
Pamplona,42.82,-1.64,20.56,82,75,5.7,ES,1596317747
Şabyā,17.15,42.63,29.0,79,100,2.1,SA,1596317747
Waldoboro,44.1,-69.38,27.22,67,50,0.89,US,1596317747
Usinsk,65.99,57.53,9.8,92,17,3.05,RU,1596317748
Yola,9.2,12.48,27.0,78,20,1.87,NG,1596317748
La Reforma,25.08,-108.05,37.22,51,0,3.58,MX,1596317748
Aripuanã,-9.17,-60.63,28.5,34,23,1.08,BR,1596317614
Umm Kaddadah,13.6,26.69,23.18,80,99,2.99,SD,1596317748
Seoul,37.57,126.98,25.0,100,90,2.72,KR,1596317872
Moa,20.66,-74.94,29.65,78,100,4.26,CU,1596317749
Kaseda-shirakame,31.42,130.32,21.0,100,75,1.0,JP,1596317749
Ermelo,-26.53,29.98,6.96,60,0,1.84,ZA,1596317749
Northam,51.03,-4.22,15.56,85,8,2.68,GB,1596317750
Pauini,-7.71,-66.98,29.78,43,93,1.13,BR,1596317750
Turka,49.15,23.03,13.33,97,0,8.05,UA,1596317750
Shellbrook,53.22,-106.4,26.0,36,20,1.5,CA,1596317484
Chifeng,42.27,118.96,23.95,68,66,2.01,CN,1596317750
Vardø,70.37,31.11,9.35,86,96,5.88,NO,1596317600
Codrington,-38.27,141.97,10.16,90,100,3.18,AU,1596317751
Gladstone,-23.85,151.25,17.0,67,90,2.6,AU,1596317751
Sorsk,54.0,90.25,8.71,92,98,0.27,RU,1596317751
Oddur,4.12,43.89,22.01,72,25,9.14,SO,1596317751
Aplahoué,6.93,1.68,22.17,86,3,2.63,BJ,1596317752
Eenhana,-17.47,16.33,15.7,32,0,4.28,NA,1596317752
Fukuechō,32.69,128.84,27.31,85,31,4.07,JP,1596317752
Bograd,54.23,90.83,13.0,93,98,0.57,RU,1596317752
Kovdor,67.57,30.48,8.84,91,100,1.78,RU,1596317753
Vostok,46.49,135.88,19.59,97,96,1.91,RU,1596317753
Robāţ Karīm,35.48,51.08,30.0,23,40,2.1,IR,1596317753
College,64.86,-147.8,25.0,53,75,1.5,US,1596317592
Kavieng,-2.57,150.8,27.81,80,100,3.65,PG,1596317753
Tuatapere,-46.13,167.68,11.21,89,54,1.01,NZ,1596317547
Constitución,-35.33,-72.42,12.5,93,100,6.12,CL,1596317584
Te Anau,-45.42,167.72,10.7,90,99,0.68,NZ,1596317754
Muros,42.78,-9.06,18.33,75,19,2.68,ES,1596317754
Nelson Bay,-32.72,152.15,7.78,100,0,2.6,AU,1596317754
Cayenne,4.93,-52.33,28.0,78,91,3.1,GF,1596317755
Asău,46.43,26.4,17.22,74,86,1.21,RO,1596317755
Bunia,1.57,30.25,18.04,84,100,0.67,CD,1596317755
San Cristobal,7.77,-72.22,35.0,34,20,7.2,VE,1596317755
Grand-Santi,4.25,-54.38,24.39,94,96,1.68,GF,1596317756
Colares,38.8,-9.45,20.0,72,20,9.3,PT,1596317756
Visnes,59.36,5.22,18.89,63,87,3.1,NO,1596317756
Safi,32.3,-9.24,24.42,65,16,5.8,MA,1596317756
Copiapó,-27.37,-70.33,15.0,62,0,3.6,CL,1596317709
Turaif,31.67,38.66,30.0,40,0,7.7,SA,1596317757
Pisco,-13.7,-76.22,19.0,68,4,7.2,PE,1596317757
Huarmey,-10.07,-78.15,18.51,72,4,3.95,PE,1596317757
Naviraí,-23.07,-54.19,21.28,57,0,2.45,BR,1596317758
Hobyo,5.35,48.53,25.25,77,2,10.76,SO,1596317758
Tahoua,14.89,5.27,29.97,47,25,3.47,NE,1596317724
Otradnoye,59.78,30.82,12.78,81,40,1.0,RU,1596317624
Armidale,-30.52,151.65,5.62,66,0,0.71,AU,1596317758
Los Llanos de Aridane,28.66,-17.92,23.0,83,61,6.2,ES,1596317605
Imbituba,-28.24,-48.67,20.0,68,0,3.6,BR,1596317759
Noumea,-22.28,166.46,19.0,63,90,2.1,NC,1596317890
Hambantota,6.12,81.12,26.58,81,90,7.77,LK,1596317759
Solnechnyy,50.72,136.63,13.1,94,100,2.6,RU,1596317760
Biograd na Moru,43.94,15.45,29.44,61,0,2.6,HR,1596317760
Acaraú,-2.89,-40.12,26.05,73,6,7.39,BR,1596317760
Pepel,8.58,-13.06,23.34,94,100,0.99,SL,1596317760
Koutiala,12.39,-5.46,25.68,75,32,2.61,ML,1596317761
Manadhoo,5.77,73.38,28.29,78,100,5.67,MV,1596317761
Methven,-43.63,171.65,12.78,28,96,2.24,NZ,1596317761
Baracoa,20.35,-74.5,30.2,68,100,4.11,CU,1596317761
Nueva Italia de Ruiz,19.02,-102.1,23.0,78,75,4.1,MX,1596317762
Salina Cruz,16.17,-95.2,33.3,54,0,2.59,MX,1596317729
Panabá,21.28,-88.27,31.79,63,0,5.77,MX,1596317762
Deputatsky,69.3,139.9,12.02,65,65,1.72,RU,1596317762
Bembèrèkè,10.23,2.66,21.69,97,0,1.89,BJ,1596317763
Loncoche,-39.37,-72.63,13.0,76,75,5.1,CL,1596317763
Saint-Pierre,-21.34,55.48,20.0,77,90,5.1,RE,1596317763
Dingle,11.0,122.67,24.79,87,100,0.47,PH,1596317764
Øksfjord,70.24,22.35,12.22,76,57,4.1,NO,1596317764
América Dourada,-11.46,-41.44,19.21,65,0,4.07,BR,1596317764
Vredendal,-31.67,18.5,18.58,26,0,4.02,ZA,1596317764
Talakan,50.32,130.37,20.28,94,44,1.16,RU,1596317765
Savonlinna,61.87,28.88,10.0,93,29,0.5,FI,1596317765
Cam Ranh,11.92,109.16,29.0,79,75,6.7,VN,1596317765
Aykhal,66.0,111.5,14.0,62,22,2.0,RU,1596317766
Magadan,59.57,150.8,14.82,59,31,0.89,RU,1596317766
Filingué,14.35,3.32,32.06,43,22,4.62,NE,1596317766
Verkhnyaya Inta,65.98,60.31,9.4,89,0,2.06,RU,1596317766
Sorong,-0.88,131.25,24.28,90,92,5.61,ID,1596317767
Along,28.17,94.77,23.44,89,61,0.19,IN,1596317767
Touros,-5.2,-35.46,26.0,78,75,5.1,BR,1596317767
Tura,25.52,90.22,24.81,85,70,1.03,IN,1596317767
Brežice,45.9,15.59,26.67,83,0,2.1,SI,1596317768
Zliten,32.47,14.57,26.09,67,0,1.97,LY,1596317768
Kindu,-2.95,25.95,24.53,59,58,0.68,CD,1596317768
Yulara,-25.24,130.99,4.0,41,0,3.1,AU,1596317768
Opuwo,-18.06,13.84,16.44,32,0,4.38,NA,1596317769
Port Hardy,50.7,-127.42,21.0,60,75,4.6,CA,1596317769
Chui,-33.7,-53.46,11.01,82,0,3.57,UY,1596317769
Departamento de Maldonado,-34.67,-54.92,14.44,87,57,4.6,UY,1596317505
Dickinson,29.46,-95.05,29.44,66,75,2.1,US,1596317683
Mahajanga,-15.72,46.32,23.03,49,8,6.38,MG,1596317770
Chamrajnagar,11.92,76.95,21.08,92,100,3.51,IN,1596317770
Nyahururu,0.04,36.37,10.04,87,4,1.94,KE,1596317770
Adrar,20.5,-10.07,38.72,12,3,3.96,MR,1596317771
Verkhnyaya Toyma,62.23,45.0,8.05,94,0,1.8,RU,1596317771
Dhidhdhoo,6.88,73.1,28.14,76,100,7.8,MV,1596317771
Ribas do Rio Pardo,-20.44,-53.76,24.35,38,0,3.84,BR,1596317771
Gravdal,68.12,13.5,14.03,81,1,3.05,NO,1596317617
Bahía Solano,6.23,-77.4,27.79,81,61,2.52,CO,1596317772
Saint Paul Harbor,57.79,-152.41,14.0,82,90,4.1,US,1596317617
Kostomuksha,64.57,30.58,9.44,86,96,1.27,RU,1596317772
Bowen,-20.02,148.23,18.89,82,90,4.6,AU,1596317772
Fare,-16.7,-151.02,26.26,81,28,5.98,PF,1596317773
Cuamba,-14.8,36.54,16.64,83,53,2.92,MZ,1596317773
Niterói,-22.88,-43.1,23.0,73,75,7.2,BR,1596317773
Urengoy,65.97,78.37,14.7,85,100,6.72,RU,1596317773
Macas,-2.32,-78.12,26.0,57,40,1.0,EC,1596317773
Siilinjärvi,63.08,27.67,15.0,77,88,2.6,FI,1596317774
Ambon City,-3.7,128.18,25.0,88,75,2.1,ID,1596317774
Uglegorskiy,48.24,41.25,16.71,63,3,0.24,RU,1596317774
Angoche,-16.23,39.91,21.98,83,20,5.12,MZ,1596317774
Ponta Delgada,37.73,-25.67,22.0,68,75,3.6,PT,1596317714
Miraflores,19.22,-98.81,24.0,43,75,5.1,MX,1596317775
Byron Bay,-28.65,153.62,10.56,100,20,2.6,AU,1596317775
Tocopilla,-22.09,-70.2,16.67,55,23,2.08,CL,1596317776
Nabire,-3.37,135.48,24.17,89,99,1.98,ID,1596317776
Kanganpur,30.77,74.12,32.6,53,30,2.42,PK,1596317776
Yadrin,55.94,46.21,13.27,96,100,4.23,RU,1596317776
Ossora,59.24,163.07,17.05,57,0,6.03,RU,1596317777
Pasni,25.26,63.47,29.11,81,21,3.21,PK,1596317778
Thinadhoo,0.53,72.93,28.3,77,100,5.46,MV,1596317778
Nishihara,26.18,127.76,28.0,88,75,4.6,JP,1596317539
Misawa,40.68,141.36,20.0,100,90,1.5,JP,1596317778
Kabare,-2.47,28.82,17.08,65,75,1.04,CD,1596317779
Muisne,0.6,-80.03,29.0,83,75,3.6,EC,1596317779
Hervey Bay,-25.3,152.85,14.44,91,52,1.79,AU,1596317632
Los Alamos,35.89,-106.31,29.44,26,1,4.6,US,1596317779
Cocachacra,-17.09,-71.76,16.35,73,93,1.92,PE,1596317780
Margate,51.38,1.39,18.89,73,35,0.89,GB,1596317567
Wanning,18.8,110.4,27.18,85,90,4.61,CN,1596317780
Birao,10.28,22.79,22.33,94,100,1.16,CF,1596317780
Nuuk,64.18,-51.72,9.0,87,90,12.3,GL,1596317323
Santa Maria da Boa Vista,-8.81,-39.83,25.91,49,96,7.2,BR,1596317781
Marsh Harbour,26.54,-77.06,28.26,80,99,13.19,BS,1596317781
Ishigaki,24.34,124.16,28.0,88,75,7.7,JP,1596317781
Port Hedland,-20.32,118.57,13.0,37,0,3.1,AU,1596317782
Kuril'sk,45.23,147.88,17.14,87,99,3.99,RU,1596317782
Pandan,14.05,124.17,26.29,80,100,2.74,PH,1596317782
São Filipe,14.9,-24.5,25.05,84,13,3.55,CV,1596317782
Mitsamiouli,-11.38,43.28,24.88,76,0,3.64,KM,1596317782
Mizdah,31.45,12.98,23.81,40,0,2.47,LY,1596317783
Henties Bay,-22.12,14.28,21.01,31,0,3.12,NA,1596317783
Anadyr,64.75,177.48,12.0,71,75,4.0,RU,1596317783
Arlit,18.74,7.39,31.66,42,100,1.18,NE,1596317621
Puerto Maldonado,-12.6,-69.18,28.02,46,0,1.14,PE,1596317784
Aksu,41.12,80.26,25.18,26,100,1.19,CN,1596317784
Praia da Vitória,38.73,-27.07,24.0,60,20,3.05,PT,1596317784
Zaoyang,32.13,112.75,26.8,79,89,4.38,CN,1596317785
Abashiri,44.02,144.27,21.67,81,100,0.89,JP,1596317785
Faya,18.39,42.45,20.0,93,91,4.68,SA,1596317785
Yasnyy,51.03,59.87,23.43,27,23,4.61,RU,1596317785
Stokmarknes,68.56,14.91,12.22,90,14,2.49,NO,1596317786
Najrān,17.49,44.13,30.0,48,40,4.1,SA,1596317786
Pokhara,28.23,83.98,22.46,82,93,0.72,NP,1596317786
Mackay,-21.15,149.2,16.0,87,43,4.1,AU,1596317787
Ambovombe,-25.17,46.08,17.03,73,0,6.34,MG,1596317787
Mattru,7.62,-11.83,22.69,96,100,1.82,SL,1596317787
Naze,28.37,129.48,25.0,94,58,1.0,JP,1596317788
San Patricio,19.22,-104.7,31.0,74,20,5.1,MX,1596317788
Ganzhou,28.82,115.43,26.74,82,20,1.38,CN,1596317789
Lüderitz,-26.65,15.16,24.0,19,0,4.1,NA,1596317789
Znamenskoye,57.13,73.83,16.13,94,21,1.25,RU,1596317789
Manta,-0.95,-80.73,28.0,65,40,5.7,EC,1596317688
Río Gallegos,-51.62,-69.22,2.0,93,90,0.5,AR,1596317790
Coahuayana Viejo,18.73,-103.68,30.0,62,40,5.1,MX,1596317790
Biak,-0.91,122.88,24.17,85,84,2.93,ID,1596317565
Biskamzha,53.45,89.53,8.91,86,85,1.17,RU,1596317790
Akola,20.73,77.0,28.14,76,31,1.46,IN,1596317791
Nieuw Amsterdam,5.88,-55.08,26.0,88,40,2.6,SR,1596317791
Uslar,51.66,9.63,20.56,80,71,0.43,DE,1596317791
Wajir,1.75,40.06,23.33,65,0,8.74,KE,1596317605
Lakes Entrance,-37.88,147.98,8.89,75,0,0.45,AU,1596317792
Laas,46.62,10.7,17.78,82,91,3.1,IT,1596317792
Sfântu Gheorghe,45.87,25.78,12.84,87,53,0.26,RO,1596317792
Gushikawa,26.35,127.87,28.0,83,1,4.6,JP,1596317792
Fergus Falls,46.28,-96.08,25.0,53,1,8.7,US,1596317569
Broome,42.25,-75.83,29.44,44,20,3.1,US,1596317567
Parrsboro,45.4,-64.33,24.44,59,10,2.24,CA,1596317793
Vestmannaeyjar,63.44,-20.27,11.27,94,100,6.75,IS,1596317793
Sandpoint,48.28,-116.55,33.33,30,1,3.1,US,1596317794
Belmonte,-15.86,-38.88,28.0,83,20,0.5,BR,1596317597
Morros,-9.45,-46.3,25.22,38,1,2.51,BR,1596317794
Le Moule,16.33,-61.35,29.0,70,52,4.1,GP,1596317794
Changji,44.02,87.32,23.0,33,0,2.0,CN,1596317795
Olesno,50.88,18.42,17.78,100,0,2.74,PL,1596317795
Mount Gambier,-37.83,140.77,7.0,100,90,3.6,AU,1596317795
Mayya,61.73,130.28,11.0,66,3,2.0,RU,1596317795
Korla,41.76,86.15,26.05,25,94,3.78,CN,1596317691
Taoudenni,22.68,-3.98,40.65,9,0,3.04,ML,1596317796
Bima,-8.47,118.72,19.76,87,91,1.54,ID,1596317796
Latung,5.5,120.88,27.22,79,100,5.19,PH,1596317796
Bubaque,11.28,-15.83,27.23,82,100,4.48,GW,1596317797
Călan,45.73,22.98,14.52,77,0,0.51,RO,1596317797
Mimongo,-1.62,11.61,21.77,80,78,2.03,GA,1596317797
Djambala,-2.54,14.75,26.03,50,91,1.45,CG,1596317797
Gorontalo,0.54,123.06,23.54,90,94,0.99,ID,1596317798
Pingliang,35.54,106.69,16.77,73,0,0.54,CN,1596317593
Manaure,11.78,-72.44,31.0,79,20,6.2,CO,1596317798
Salina,38.84,-97.61,30.0,51,1,1.5,US,1596317798
Mayo,38.89,-76.51,30.0,74,1,3.6,US,1596317798
Bhatkal,13.97,74.57,25.84,84,99,3.78,IN,1596317799
Metro,-5.11,105.31,21.06,87,65,1.64,ID,1596317799
Caruray,10.31,119.01,26.52,78,100,2.36,PH,1596317800
Trenggalek,-8.05,111.72,22.05,87,83,1.93,ID,1596317800
Karpathos,35.51,27.21,26.0,78,0,11.3,GR,1596317800
Jayanca,-6.39,-79.82,26.67,55,0,2.24,PE,1596317801
Hirara,24.8,125.28,29.09,79,80,11.59,JP,1596317801
Hirado,33.36,129.55,25.56,83,60,1.34,JP,1596317801
Quatre Cocos,-20.21,57.76,22.0,83,75,7.7,MU,1596317801
Khovd,48.01,91.64,12.56,52,0,0.69,MN,1596317699
Beni Suef,29.07,31.1,26.88,41,0,3.99,EG,1596317802
Prince Rupert,54.32,-130.32,19.0,68,90,5.7,CA,1596317802
Joué-lès-Tours,47.35,0.67,22.0,56,49,2.1,FR,1596317802
Zhigansk,66.77,123.37,13.78,58,0,6.87,RU,1596317560
Makakilo City,21.35,-158.09,31.0,40,1,3.1,US,1596317574
Vila Franca do Campo,37.72,-25.43,22.0,68,75,3.6,PT,1596317803
Malumfashi,11.79,7.62,23.68,86,61,4.19,NG,1596317803
kimparana,12.83,-4.92,26.73,70,40,2.95,ML,1596317804
Port Macquarie,-31.43,152.92,8.89,98,1,1.64,AU,1596317804
Poronaysk,49.22,143.12,15.74,95,93,5.79,RU,1596317804
La Ciotat,43.17,5.6,32.22,35,18,3.08,FR,1596317804
Dubai,25.26,55.3,36.0,53,38,2.6,AE,1596317731
Sur,22.57,59.53,28.79,72,12,5.2,OM,1596317805
Lata,40.16,-8.33,19.44,72,0,2.68,PT,1596317614
Okhotsk,59.38,143.3,16.23,61,0,1.93,RU,1596317805
Bilibino,68.05,166.44,8.65,78,100,1.12,RU,1596317805
